start_date,end_date,country,indicator,value,frequency,currency
01/01/1947,31/03/1947,USA,GDP,243.164,quarterly,USD
01/04/1947,30/06/1947,USA,GDP,245.968,quarterly,USD
01/07/1947,30/09/1947,USA,GDP,249.585,quarterly,USD
01/10/1947,31/12/1947,USA,GDP,259.745,quarterly,USD
01/01/1948,31/03/1948,USA,GDP,265.742,quarterly,USD
01/04/1948,30/06/1948,USA,GDP,272.567,quarterly,USD
01/07/1948,30/09/1948,USA,GDP,279.196,quarterly,USD
01/10/1948,31/12/1948,USA,GDP,280.366,quarterly,USD
01/01/1949,31/03/1949,USA,GDP,275.034,quarterly,USD
01/04/1949,30/06/1949,USA,GDP,271.351,quarterly,USD
01/07/1949,30/09/1949,USA,GDP,272.889,quarterly,USD
01/10/1949,31/12/1949,USA,GDP,270.627,quarterly,USD
01/01/1950,31/03/1950,USA,GDP,280.828,quarterly,USD
01/04/1950,30/06/1950,USA,GDP,290.383,quarterly,USD
01/07/1950,30/09/1950,USA,GDP,308.153,quarterly,USD
01/10/1950,31/12/1950,USA,GDP,319.945,quarterly,USD
01/01/1951,31/03/1951,USA,GDP,336,quarterly,USD
01/04/1951,30/06/1951,USA,GDP,344.09,quarterly,USD
01/07/1951,30/09/1951,USA,GDP,351.385,quarterly,USD
01/10/1951,31/12/1951,USA,GDP,356.178,quarterly,USD
01/01/1952,31/03/1952,USA,GDP,359.82,quarterly,USD
01/04/1952,30/06/1952,USA,GDP,361.03,quarterly,USD
01/07/1952,30/09/1952,USA,GDP,367.701,quarterly,USD
01/10/1952,31/12/1952,USA,GDP,380.812,quarterly,USD
01/01/1953,31/03/1953,USA,GDP,387.98,quarterly,USD
01/04/1953,30/06/1953,USA,GDP,391.749,quarterly,USD
01/07/1953,30/09/1953,USA,GDP,391.171,quarterly,USD
01/10/1953,31/12/1953,USA,GDP,385.97,quarterly,USD
01/01/1954,31/03/1954,USA,GDP,385.345,quarterly,USD
01/04/1954,30/06/1954,USA,GDP,386.121,quarterly,USD
01/07/1954,30/09/1954,USA,GDP,390.996,quarterly,USD
01/10/1954,31/12/1954,USA,GDP,399.734,quarterly,USD
01/01/1955,31/03/1955,USA,GDP,413.073,quarterly,USD
01/04/1955,30/06/1955,USA,GDP,421.532,quarterly,USD
01/07/1955,30/09/1955,USA,GDP,430.221,quarterly,USD
01/10/1955,31/12/1955,USA,GDP,437.092,quarterly,USD
01/01/1956,31/03/1956,USA,GDP,439.746,quarterly,USD
01/04/1956,30/06/1956,USA,GDP,446.01,quarterly,USD
01/07/1956,30/09/1956,USA,GDP,451.191,quarterly,USD
01/10/1956,31/12/1956,USA,GDP,460.463,quarterly,USD
01/01/1957,31/03/1957,USA,GDP,469.779,quarterly,USD
01/04/1957,30/06/1957,USA,GDP,472.025,quarterly,USD
01/07/1957,30/09/1957,USA,GDP,479.49,quarterly,USD
01/10/1957,31/12/1957,USA,GDP,474.864,quarterly,USD
01/01/1958,31/03/1958,USA,GDP,467.54,quarterly,USD
01/04/1958,30/06/1958,USA,GDP,471.978,quarterly,USD
01/07/1958,30/09/1958,USA,GDP,485.841,quarterly,USD
01/10/1958,31/12/1958,USA,GDP,499.555,quarterly,USD
01/01/1959,31/03/1959,USA,GDP,510.33,quarterly,USD
01/04/1959,30/06/1959,USA,GDP,522.653,quarterly,USD
01/07/1959,30/09/1959,USA,GDP,525.034,quarterly,USD
01/10/1959,31/12/1959,USA,GDP,528.6,quarterly,USD
01/01/1960,31/03/1960,USA,GDP,542.648,quarterly,USD
01/04/1960,30/06/1960,USA,GDP,541.08,quarterly,USD
01/07/1960,30/09/1960,USA,GDP,545.604,quarterly,USD
01/10/1960,31/12/1960,USA,GDP,540.197,quarterly,USD
01/01/1961,31/03/1961,USA,GDP,545.018,quarterly,USD
01/04/1961,30/06/1961,USA,GDP,555.545,quarterly,USD
01/07/1961,30/09/1961,USA,GDP,567.664,quarterly,USD
01/10/1961,31/12/1961,USA,GDP,580.612,quarterly,USD
01/01/1962,31/03/1962,USA,GDP,594.013,quarterly,USD
01/04/1962,30/06/1962,USA,GDP,600.366,quarterly,USD
01/07/1962,30/09/1962,USA,GDP,609.027,quarterly,USD
01/10/1962,31/12/1962,USA,GDP,612.28,quarterly,USD
01/01/1963,31/03/1963,USA,GDP,621.672,quarterly,USD
01/04/1963,30/06/1963,USA,GDP,629.752,quarterly,USD
01/07/1963,30/09/1963,USA,GDP,644.444,quarterly,USD
01/10/1963,31/12/1963,USA,GDP,653.938,quarterly,USD
01/01/1964,31/03/1964,USA,GDP,669.822,quarterly,USD
01/04/1964,30/06/1964,USA,GDP,678.674,quarterly,USD
01/07/1964,30/09/1964,USA,GDP,692.031,quarterly,USD
01/10/1964,31/12/1964,USA,GDP,697.319,quarterly,USD
01/01/1965,31/03/1965,USA,GDP,717.79,quarterly,USD
01/04/1965,30/06/1965,USA,GDP,730.191,quarterly,USD
01/07/1965,30/09/1965,USA,GDP,749.323,quarterly,USD
01/10/1965,31/12/1965,USA,GDP,771.857,quarterly,USD
01/01/1966,31/03/1966,USA,GDP,795.734,quarterly,USD
01/04/1966,30/06/1966,USA,GDP,804.981,quarterly,USD
01/07/1966,30/09/1966,USA,GDP,819.638,quarterly,USD
01/10/1966,31/12/1966,USA,GDP,833.302,quarterly,USD
01/01/1967,31/03/1967,USA,GDP,844.17,quarterly,USD
01/04/1967,30/06/1967,USA,GDP,848.983,quarterly,USD
01/07/1967,30/09/1967,USA,GDP,865.233,quarterly,USD
01/10/1967,31/12/1967,USA,GDP,881.439,quarterly,USD
01/01/1968,31/03/1968,USA,GDP,909.387,quarterly,USD
01/04/1968,30/06/1968,USA,GDP,934.344,quarterly,USD
01/07/1968,30/09/1968,USA,GDP,950.825,quarterly,USD
01/10/1968,31/12/1968,USA,GDP,968.03,quarterly,USD
01/01/1969,31/03/1969,USA,GDP,993.337,quarterly,USD
01/04/1969,30/06/1969,USA,GDP,1009.02,quarterly,USD
01/07/1969,30/09/1969,USA,GDP,1029.956,quarterly,USD
01/10/1969,31/12/1969,USA,GDP,1038.147,quarterly,USD
01/01/1970,31/03/1970,USA,GDP,1051.2,quarterly,USD
01/04/1970,30/06/1970,USA,GDP,1067.375,quarterly,USD
01/07/1970,30/09/1970,USA,GDP,1086.059,quarterly,USD
01/10/1970,31/12/1970,USA,GDP,1088.608,quarterly,USD
01/01/1971,31/03/1971,USA,GDP,1135.156,quarterly,USD
01/04/1971,30/06/1971,USA,GDP,1156.271,quarterly,USD
01/07/1971,30/09/1971,USA,GDP,1177.675,quarterly,USD
01/10/1971,31/12/1971,USA,GDP,1190.297,quarterly,USD
01/01/1972,31/03/1972,USA,GDP,1230.609,quarterly,USD
01/04/1972,30/06/1972,USA,GDP,1266.369,quarterly,USD
01/07/1972,30/09/1972,USA,GDP,1290.566,quarterly,USD
01/10/1972,31/12/1972,USA,GDP,1328.904,quarterly,USD
01/01/1973,31/03/1973,USA,GDP,1377.49,quarterly,USD
01/04/1973,30/06/1973,USA,GDP,1413.887,quarterly,USD
01/07/1973,30/09/1973,USA,GDP,1433.838,quarterly,USD
01/10/1973,31/12/1973,USA,GDP,1476.289,quarterly,USD
01/01/1974,31/03/1974,USA,GDP,1491.209,quarterly,USD
01/04/1974,30/06/1974,USA,GDP,1530.056,quarterly,USD
01/07/1974,30/09/1974,USA,GDP,1560.026,quarterly,USD
01/10/1974,31/12/1974,USA,GDP,1599.679,quarterly,USD
01/01/1975,31/03/1975,USA,GDP,1616.116,quarterly,USD
01/04/1975,30/06/1975,USA,GDP,1651.853,quarterly,USD
01/07/1975,30/09/1975,USA,GDP,1709.82,quarterly,USD
01/10/1975,31/12/1975,USA,GDP,1761.831,quarterly,USD
01/01/1976,31/03/1976,USA,GDP,1820.487,quarterly,USD
01/04/1976,30/06/1976,USA,GDP,1852.332,quarterly,USD
01/07/1976,30/09/1976,USA,GDP,1886.558,quarterly,USD
01/10/1976,31/12/1976,USA,GDP,1934.273,quarterly,USD
01/01/1977,31/03/1977,USA,GDP,1988.648,quarterly,USD
01/04/1977,30/06/1977,USA,GDP,2055.909,quarterly,USD
01/07/1977,30/09/1977,USA,GDP,2118.473,quarterly,USD
01/10/1977,31/12/1977,USA,GDP,2164.27,quarterly,USD
01/01/1978,31/03/1978,USA,GDP,2202.76,quarterly,USD
01/04/1978,30/06/1978,USA,GDP,2331.633,quarterly,USD
01/07/1978,30/09/1978,USA,GDP,2395.053,quarterly,USD
01/10/1978,31/12/1978,USA,GDP,2476.949,quarterly,USD
01/01/1979,31/03/1979,USA,GDP,2526.61,quarterly,USD
01/04/1979,30/06/1979,USA,GDP,2591.247,quarterly,USD
01/07/1979,30/09/1979,USA,GDP,2667.565,quarterly,USD
01/10/1979,31/12/1979,USA,GDP,2723.883,quarterly,USD
01/01/1980,31/03/1980,USA,GDP,2789.842,quarterly,USD
01/04/1980,30/06/1980,USA,GDP,2797.352,quarterly,USD
01/07/1980,30/09/1980,USA,GDP,2856.483,quarterly,USD
01/10/1980,31/12/1980,USA,GDP,2985.557,quarterly,USD
01/01/1981,31/03/1981,USA,GDP,3124.206,quarterly,USD
01/04/1981,30/06/1981,USA,GDP,3162.532,quarterly,USD
01/07/1981,30/09/1981,USA,GDP,3260.609,quarterly,USD
01/10/1981,31/12/1981,USA,GDP,3280.818,quarterly,USD
01/01/1982,31/03/1982,USA,GDP,3274.302,quarterly,USD
01/04/1982,30/06/1982,USA,GDP,3331.972,quarterly,USD
01/07/1982,30/09/1982,USA,GDP,3366.322,quarterly,USD
01/10/1982,31/12/1982,USA,GDP,3402.561,quarterly,USD
01/01/1983,31/03/1983,USA,GDP,3473.413,quarterly,USD
01/04/1983,30/06/1983,USA,GDP,3578.848,quarterly,USD
01/07/1983,30/09/1983,USA,GDP,3689.179,quarterly,USD
01/10/1983,31/12/1983,USA,GDP,3794.706,quarterly,USD
01/01/1984,31/03/1984,USA,GDP,3908.054,quarterly,USD
01/04/1984,30/06/1984,USA,GDP,4009.601,quarterly,USD
01/07/1984,30/09/1984,USA,GDP,4084.25,quarterly,USD
01/10/1984,31/12/1984,USA,GDP,4148.551,quarterly,USD
01/01/1985,31/03/1985,USA,GDP,4230.168,quarterly,USD
01/04/1985,30/06/1985,USA,GDP,4294.887,quarterly,USD
01/07/1985,30/09/1985,USA,GDP,4386.773,quarterly,USD
01/10/1985,31/12/1985,USA,GDP,4444.094,quarterly,USD
01/01/1986,31/03/1986,USA,GDP,4507.894,quarterly,USD
01/04/1986,30/06/1986,USA,GDP,4545.34,quarterly,USD
01/07/1986,30/09/1986,USA,GDP,4607.669,quarterly,USD
01/10/1986,31/12/1986,USA,GDP,4657.627,quarterly,USD
01/01/1987,31/03/1987,USA,GDP,4722.156,quarterly,USD
01/04/1987,30/06/1987,USA,GDP,4806.16,quarterly,USD
01/07/1987,30/09/1987,USA,GDP,4884.555,quarterly,USD
01/10/1987,31/12/1987,USA,GDP,5007.994,quarterly,USD
01/01/1988,31/03/1988,USA,GDP,5073.372,quarterly,USD
01/04/1988,30/06/1988,USA,GDP,5190.036,quarterly,USD
01/07/1988,30/09/1988,USA,GDP,5282.835,quarterly,USD
01/10/1988,31/12/1988,USA,GDP,5399.509,quarterly,USD
01/01/1989,31/03/1989,USA,GDP,5511.253,quarterly,USD
01/04/1989,30/06/1989,USA,GDP,5612.463,quarterly,USD
01/07/1989,30/09/1989,USA,GDP,5695.365,quarterly,USD
01/10/1989,31/12/1989,USA,GDP,5747.237,quarterly,USD
01/01/1990,31/03/1990,USA,GDP,5872.701,quarterly,USD
01/04/1990,30/06/1990,USA,GDP,5960.028,quarterly,USD
01/07/1990,30/09/1990,USA,GDP,6015.116,quarterly,USD
01/10/1990,31/12/1990,USA,GDP,6004.733,quarterly,USD
01/01/1991,31/03/1991,USA,GDP,6035.178,quarterly,USD
01/04/1991,30/06/1991,USA,GDP,6126.862,quarterly,USD
01/07/1991,30/09/1991,USA,GDP,6205.937,quarterly,USD
01/10/1991,31/12/1991,USA,GDP,6264.54,quarterly,USD
01/01/1992,31/03/1992,USA,GDP,6363.102,quarterly,USD
01/04/1992,30/06/1992,USA,GDP,6470.763,quarterly,USD
01/07/1992,30/09/1992,USA,GDP,6566.641,quarterly,USD
01/10/1992,31/12/1992,USA,GDP,6680.803,quarterly,USD
01/01/1993,31/03/1993,USA,GDP,6729.459,quarterly,USD
01/04/1993,30/06/1993,USA,GDP,6808.939,quarterly,USD
01/07/1993,30/09/1993,USA,GDP,6882.098,quarterly,USD
01/10/1993,31/12/1993,USA,GDP,7013.738,quarterly,USD
01/01/1994,31/03/1994,USA,GDP,7115.652,quarterly,USD
01/04/1994,30/06/1994,USA,GDP,7246.931,quarterly,USD
01/07/1994,30/09/1994,USA,GDP,7331.075,quarterly,USD
01/10/1994,31/12/1994,USA,GDP,7455.288,quarterly,USD
01/01/1995,31/03/1995,USA,GDP,7522.289,quarterly,USD
01/04/1995,30/06/1995,USA,GDP,7580.997,quarterly,USD
01/07/1995,30/09/1995,USA,GDP,7683.125,quarterly,USD
01/10/1995,31/12/1995,USA,GDP,7772.586,quarterly,USD
01/01/1996,31/03/1996,USA,GDP,7868.468,quarterly,USD
01/04/1996,30/06/1996,USA,GDP,8032.84,quarterly,USD
01/07/1996,30/09/1996,USA,GDP,8131.408,quarterly,USD
01/10/1996,31/12/1996,USA,GDP,8259.771,quarterly,USD
01/01/1997,31/03/1997,USA,GDP,8362.655,quarterly,USD
01/04/1997,30/06/1997,USA,GDP,8518.825,quarterly,USD
01/07/1997,30/09/1997,USA,GDP,8662.823,quarterly,USD
01/10/1997,31/12/1997,USA,GDP,8765.907,quarterly,USD
01/01/1998,31/03/1998,USA,GDP,8866.48,quarterly,USD
01/04/1998,30/06/1998,USA,GDP,8969.699,quarterly,USD
01/07/1998,30/09/1998,USA,GDP,9121.097,quarterly,USD
01/10/1998,31/12/1998,USA,GDP,9293.991,quarterly,USD
01/01/1999,31/03/1999,USA,GDP,9417.264,quarterly,USD
01/04/1999,30/06/1999,USA,GDP,9524.152,quarterly,USD
01/07/1999,30/09/1999,USA,GDP,9681.856,quarterly,USD
01/10/1999,31/12/1999,USA,GDP,9899.378,quarterly,USD
01/01/2000,31/03/2000,USA,GDP,10002.857,quarterly,USD
01/04/2000,30/06/2000,USA,GDP,10247.679,quarterly,USD
01/07/2000,30/09/2000,USA,GDP,10319.825,quarterly,USD
01/10/2000,31/12/2000,USA,GDP,10439.025,quarterly,USD
01/01/2001,31/03/2001,USA,GDP,10472.879,quarterly,USD
01/04/2001,30/06/2001,USA,GDP,10597.822,quarterly,USD
01/07/2001,30/09/2001,USA,GDP,10596.294,quarterly,USD
01/10/2001,31/12/2001,USA,GDP,10660.294,quarterly,USD
01/01/2002,31/03/2002,USA,GDP,10788.952,quarterly,USD
01/04/2002,30/06/2002,USA,GDP,10893.207,quarterly,USD
01/07/2002,30/09/2002,USA,GDP,10992.051,quarterly,USD
01/10/2002,31/12/2002,USA,GDP,11071.463,quarterly,USD
01/01/2003,31/03/2003,USA,GDP,11183.507,quarterly,USD
01/04/2003,30/06/2003,USA,GDP,11312.875,quarterly,USD
01/07/2003,30/09/2003,USA,GDP,11567.326,quarterly,USD
01/10/2003,31/12/2003,USA,GDP,11769.275,quarterly,USD
01/01/2004,31/03/2004,USA,GDP,11920.169,quarterly,USD
01/04/2004,30/06/2004,USA,GDP,12108.987,quarterly,USD
01/07/2004,30/09/2004,USA,GDP,12303.34,quarterly,USD
01/10/2004,31/12/2004,USA,GDP,12522.425,quarterly,USD
01/01/2005,31/03/2005,USA,GDP,12761.337,quarterly,USD
01/04/2005,30/06/2005,USA,GDP,12910.022,quarterly,USD
01/07/2005,30/09/2005,USA,GDP,13142.873,quarterly,USD
01/10/2005,31/12/2005,USA,GDP,13332.316,quarterly,USD
01/01/2006,31/03/2006,USA,GDP,13603.933,quarterly,USD
01/04/2006,30/06/2006,USA,GDP,13749.806,quarterly,USD
01/07/2006,30/09/2006,USA,GDP,13867.469,quarterly,USD
01/10/2006,31/12/2006,USA,GDP,14037.228,quarterly,USD
01/01/2007,31/03/2007,USA,GDP,14208.569,quarterly,USD
01/04/2007,30/06/2007,USA,GDP,14382.363,quarterly,USD
01/07/2007,30/09/2007,USA,GDP,14535.003,quarterly,USD
01/10/2007,31/12/2007,USA,GDP,14681.501,quarterly,USD
01/01/2008,31/03/2008,USA,GDP,14651.039,quarterly,USD
01/04/2008,30/06/2008,USA,GDP,14805.611,quarterly,USD
01/07/2008,30/09/2008,USA,GDP,14835.187,quarterly,USD
01/10/2008,31/12/2008,USA,GDP,14559.543,quarterly,USD
01/01/2009,31/03/2009,USA,GDP,14394.547,quarterly,USD
01/04/2009,30/06/2009,USA,GDP,14352.85,quarterly,USD
01/07/2009,30/09/2009,USA,GDP,14420.312,quarterly,USD
01/10/2009,31/12/2009,USA,GDP,14628.021,quarterly,USD
01/01/2010,31/03/2010,USA,GDP,14721.35,quarterly,USD
01/04/2010,30/06/2010,USA,GDP,14926.098,quarterly,USD
01/07/2010,30/09/2010,USA,GDP,15079.917,quarterly,USD
01/10/2010,31/12/2010,USA,GDP,15240.843,quarterly,USD
01/01/2011,31/03/2011,USA,GDP,15285.828,quarterly,USD
01/04/2011,30/06/2011,USA,GDP,15496.189,quarterly,USD
01/07/2011,30/09/2011,USA,GDP,15591.85,quarterly,USD
01/10/2011,31/12/2011,USA,GDP,15796.46,quarterly,USD
01/01/2012,31/03/2012,USA,GDP,16019.758,quarterly,USD
01/04/2012,30/06/2012,USA,GDP,16152.257,quarterly,USD
01/07/2012,30/09/2012,USA,GDP,16257.151,quarterly,USD
01/10/2012,31/12/2012,USA,GDP,16358.863,quarterly,USD
01/01/2013,31/03/2013,USA,GDP,16569.591,quarterly,USD
01/04/2013,30/06/2013,USA,GDP,16637.926,quarterly,USD
01/07/2013,30/09/2013,USA,GDP,16848.748,quarterly,USD
01/10/2013,31/12/2013,USA,GDP,17083.137,quarterly,USD
01/01/2014,31/03/2014,USA,GDP,17104.555,quarterly,USD
01/04/2014,30/06/2014,USA,GDP,17432.909,quarterly,USD
01/07/2014,30/09/2014,USA,GDP,17721.657,quarterly,USD
01/10/2014,31/12/2014,USA,GDP,17849.912,quarterly,USD
01/01/2015,31/03/2015,USA,GDP,17984.178,quarterly,USD
01/04/2015,30/06/2015,USA,GDP,18219.405,quarterly,USD
01/07/2015,30/09/2015,USA,GDP,18344.713,quarterly,USD
01/10/2015,31/12/2015,USA,GDP,18350.825,quarterly,USD
01/01/2016,31/03/2016,USA,GDP,18424.283,quarterly,USD
01/04/2016,30/06/2016,USA,GDP,18637.253,quarterly,USD
01/07/2016,30/09/2016,USA,GDP,18806.743,quarterly,USD
01/10/2016,31/12/2016,USA,GDP,18991.883,quarterly,USD
01/01/2017,31/03/2017,USA,GDP,19190.431,quarterly,USD
01/04/2017,30/06/2017,USA,GDP,19356.649,quarterly,USD
01/07/2017,30/09/2017,USA,GDP,19611.704,quarterly,USD
01/10/2017,31/12/2017,USA,GDP,19918.91,quarterly,USD
01/01/2018,31/03/2018,USA,GDP,20163.159,quarterly,USD
01/04/2018,30/06/2018,USA,GDP,20510.177,quarterly,USD
01/07/2018,30/09/2018,USA,GDP,20749.752,quarterly,USD
01/10/2018,31/12/2018,USA,GDP,20897.804,quarterly,USD
01/01/2019,31/03/2019,USA,GDP,21098.827,quarterly,USD
01/04/2019,30/06/2019,USA,GDP,21340.267,quarterly,USD
01/07/2019,30/09/2019,USA,GDP,21542.54,quarterly,USD
01/10/2019,31/12/2019,USA,GDP,21729.124,quarterly,USD
01/01/2020,31/03/2020,USA,GDP,21537.94,quarterly,USD
01/01/1960,31/12/1960,USA,inflation,1.457975986,annual,USD
01/01/1961,31/12/1961,USA,inflation,1.070724148,annual,USD
01/01/1962,31/12/1962,USA,inflation,1.198773348,annual,USD
01/01/1963,31/12/1963,USA,inflation,1.239669421,annual,USD
01/01/1964,31/12/1964,USA,inflation,1.278911565,annual,USD
01/01/1965,31/12/1965,USA,inflation,1.585169264,annual,USD
01/01/1966,31/12/1966,USA,inflation,3.015075377,annual,USD
01/01/1967,31/12/1967,USA,inflation,2.772785623,annual,USD
01/01/1968,31/12/1968,USA,inflation,4.271796153,annual,USD
01/01/1969,31/12/1969,USA,inflation,5.4623862,annual,USD
01/01/1970,31/12/1970,USA,inflation,5.838255338,annual,USD
01/01/1971,31/12/1971,USA,inflation,4.292766688,annual,USD
01/01/1972,31/12/1972,USA,inflation,3.272278247,annual,USD
01/01/1973,31/12/1973,USA,inflation,6.177760064,annual,USD
01/01/1974,31/12/1974,USA,inflation,11.0548048,annual,USD
01/01/1975,31/12/1975,USA,inflation,9.143146865,annual,USD
01/01/1976,31/12/1976,USA,inflation,5.744812635,annual,USD
01/01/1977,31/12/1977,USA,inflation,6.501683995,annual,USD
01/01/1978,31/12/1978,USA,inflation,7.630963839,annual,USD
01/01/1979,31/12/1979,USA,inflation,11.25447113,annual,USD
01/01/1980,31/12/1980,USA,inflation,13.54920197,annual,USD
01/01/1981,31/12/1981,USA,inflation,10.33471534,annual,USD
01/01/1982,31/12/1982,USA,inflation,6.131427,annual,USD
01/01/1983,31/12/1983,USA,inflation,3.212435233,annual,USD
01/01/1984,31/12/1984,USA,inflation,4.300535475,annual,USD
01/01/1985,31/12/1985,USA,inflation,3.545644152,annual,USD
01/01/1986,31/12/1986,USA,inflation,1.898047722,annual,USD
01/01/1987,31/12/1987,USA,inflation,3.664563218,annual,USD
01/01/1988,31/12/1988,USA,inflation,4.077741107,annual,USD
01/01/1989,31/12/1989,USA,inflation,4.82700303,annual,USD
01/01/1990,31/12/1990,USA,inflation,5.39795644,annual,USD
01/01/1991,31/12/1991,USA,inflation,4.234963965,annual,USD
01/01/1992,31/12/1992,USA,inflation,3.028819678,annual,USD
01/01/1993,31/12/1993,USA,inflation,2.951656966,annual,USD
01/01/1994,31/12/1994,USA,inflation,2.607441592,annual,USD
01/01/1995,31/12/1995,USA,inflation,2.805419689,annual,USD
01/01/1996,31/12/1996,USA,inflation,2.9312042,annual,USD
01/01/1997,31/12/1997,USA,inflation,2.337689937,annual,USD
01/01/1998,31/12/1998,USA,inflation,1.552279099,annual,USD
01/01/1999,31/12/1999,USA,inflation,2.188027197,annual,USD
01/01/2000,31/12/2000,USA,inflation,3.376857271,annual,USD
01/01/2001,31/12/2001,USA,inflation,2.826171119,annual,USD
01/01/2002,31/12/2002,USA,inflation,1.586031627,annual,USD
01/01/2003,31/12/2003,USA,inflation,2.270094973,annual,USD
01/01/2004,31/12/2004,USA,inflation,2.677236693,annual,USD
01/01/2005,31/12/2005,USA,inflation,3.392746845,annual,USD
01/01/2006,31/12/2006,USA,inflation,3.225944101,annual,USD
01/01/2007,31/12/2007,USA,inflation,2.852672482,annual,USD
01/01/2008,31/12/2008,USA,inflation,3.839100297,annual,USD
01/01/2009,31/12/2009,USA,inflation,-0.355546266,annual,USD
01/01/2010,31/12/2010,USA,inflation,1.640043442,annual,USD
01/01/2011,31/12/2011,USA,inflation,3.156841569,annual,USD
01/01/2012,31/12/2012,USA,inflation,2.069337265,annual,USD
01/01/2013,31/12/2013,USA,inflation,1.464832656,annual,USD
01/01/2014,31/12/2014,USA,inflation,1.622222977,annual,USD
01/01/2015,31/12/2015,USA,inflation,0.118627136,annual,USD
01/01/2016,31/12/2016,USA,inflation,1.261583206,annual,USD
01/01/2017,31/12/2017,USA,inflation,2.130110004,annual,USD
01/01/2018,31/12/2018,USA,inflation,2.442583297,annual,USD
01/01/2019,31/12/2019,USA,inflation,1.812210075,annual,USD
01/01/1948,31/01/1948,USA,unemp,3.4,monthly,USD
01/02/1948,28/02/1948,USA,unemp,3.8,monthly,USD
01/03/1948,31/03/1948,USA,unemp,4,monthly,USD
01/04/1948,30/04/1948,USA,unemp,3.9,monthly,USD
01/05/1948,31/05/1948,USA,unemp,3.5,monthly,USD
01/06/1948,30/06/1948,USA,unemp,3.6,monthly,USD
01/07/1948,31/07/1948,USA,unemp,3.6,monthly,USD
01/08/1948,31/08/1948,USA,unemp,3.9,monthly,USD
01/09/1948,30/09/1948,USA,unemp,3.8,monthly,USD
01/10/1948,31/10/1948,USA,unemp,3.7,monthly,USD
01/11/1948,30/11/1948,USA,unemp,3.8,monthly,USD
01/12/1948,31/12/1948,USA,unemp,4,monthly,USD
01/01/1949,31/01/1949,USA,unemp,4.3,monthly,USD
01/02/1949,28/02/1949,USA,unemp,4.7,monthly,USD
01/03/1949,31/03/1949,USA,unemp,5,monthly,USD
01/04/1949,30/04/1949,USA,unemp,5.3,monthly,USD
01/05/1949,31/05/1949,USA,unemp,6.1,monthly,USD
01/06/1949,30/06/1949,USA,unemp,6.2,monthly,USD
01/07/1949,31/07/1949,USA,unemp,6.7,monthly,USD
01/08/1949,31/08/1949,USA,unemp,6.8,monthly,USD
01/09/1949,30/09/1949,USA,unemp,6.6,monthly,USD
01/10/1949,31/10/1949,USA,unemp,7.9,monthly,USD
01/11/1949,30/11/1949,USA,unemp,6.4,monthly,USD
01/12/1949,31/12/1949,USA,unemp,6.6,monthly,USD
01/01/1950,31/01/1950,USA,unemp,6.5,monthly,USD
01/02/1950,28/02/1950,USA,unemp,6.4,monthly,USD
01/03/1950,31/03/1950,USA,unemp,6.3,monthly,USD
01/04/1950,30/04/1950,USA,unemp,5.8,monthly,USD
01/05/1950,31/05/1950,USA,unemp,5.5,monthly,USD
01/06/1950,30/06/1950,USA,unemp,5.4,monthly,USD
01/07/1950,31/07/1950,USA,unemp,5,monthly,USD
01/08/1950,31/08/1950,USA,unemp,4.5,monthly,USD
01/09/1950,30/09/1950,USA,unemp,4.4,monthly,USD
01/10/1950,31/10/1950,USA,unemp,4.2,monthly,USD
01/11/1950,30/11/1950,USA,unemp,4.2,monthly,USD
01/12/1950,31/12/1950,USA,unemp,4.3,monthly,USD
01/01/1951,31/01/1951,USA,unemp,3.7,monthly,USD
01/02/1951,28/02/1951,USA,unemp,3.4,monthly,USD
01/03/1951,31/03/1951,USA,unemp,3.4,monthly,USD
01/04/1951,30/04/1951,USA,unemp,3.1,monthly,USD
01/05/1951,31/05/1951,USA,unemp,3,monthly,USD
01/06/1951,30/06/1951,USA,unemp,3.2,monthly,USD
01/07/1951,31/07/1951,USA,unemp,3.1,monthly,USD
01/08/1951,31/08/1951,USA,unemp,3.1,monthly,USD
01/09/1951,30/09/1951,USA,unemp,3.3,monthly,USD
01/10/1951,31/10/1951,USA,unemp,3.5,monthly,USD
01/11/1951,30/11/1951,USA,unemp,3.5,monthly,USD
01/12/1951,31/12/1951,USA,unemp,3.1,monthly,USD
01/01/1952,31/01/1952,USA,unemp,3.2,monthly,USD
01/02/1952,28/02/1952,USA,unemp,3.1,monthly,USD
01/03/1952,31/03/1952,USA,unemp,2.9,monthly,USD
01/04/1952,30/04/1952,USA,unemp,2.9,monthly,USD
01/05/1952,31/05/1952,USA,unemp,3,monthly,USD
01/06/1952,30/06/1952,USA,unemp,3,monthly,USD
01/07/1952,31/07/1952,USA,unemp,3.2,monthly,USD
01/08/1952,31/08/1952,USA,unemp,3.4,monthly,USD
01/09/1952,30/09/1952,USA,unemp,3.1,monthly,USD
01/10/1952,31/10/1952,USA,unemp,3,monthly,USD
01/11/1952,30/11/1952,USA,unemp,2.8,monthly,USD
01/12/1952,31/12/1952,USA,unemp,2.7,monthly,USD
01/01/1953,31/01/1953,USA,unemp,2.9,monthly,USD
01/02/1953,28/02/1953,USA,unemp,2.6,monthly,USD
01/03/1953,31/03/1953,USA,unemp,2.6,monthly,USD
01/04/1953,30/04/1953,USA,unemp,2.7,monthly,USD
01/05/1953,31/05/1953,USA,unemp,2.5,monthly,USD
01/06/1953,30/06/1953,USA,unemp,2.5,monthly,USD
01/07/1953,31/07/1953,USA,unemp,2.6,monthly,USD
01/08/1953,31/08/1953,USA,unemp,2.7,monthly,USD
01/09/1953,30/09/1953,USA,unemp,2.9,monthly,USD
01/10/1953,31/10/1953,USA,unemp,3.1,monthly,USD
01/11/1953,30/11/1953,USA,unemp,3.5,monthly,USD
01/12/1953,31/12/1953,USA,unemp,4.5,monthly,USD
01/01/1954,31/01/1954,USA,unemp,4.9,monthly,USD
01/02/1954,28/02/1954,USA,unemp,5.2,monthly,USD
01/03/1954,31/03/1954,USA,unemp,5.7,monthly,USD
01/04/1954,30/04/1954,USA,unemp,5.9,monthly,USD
01/05/1954,31/05/1954,USA,unemp,5.9,monthly,USD
01/06/1954,30/06/1954,USA,unemp,5.6,monthly,USD
01/07/1954,31/07/1954,USA,unemp,5.8,monthly,USD
01/08/1954,31/08/1954,USA,unemp,6,monthly,USD
01/09/1954,30/09/1954,USA,unemp,6.1,monthly,USD
01/10/1954,31/10/1954,USA,unemp,5.7,monthly,USD
01/11/1954,30/11/1954,USA,unemp,5.3,monthly,USD
01/12/1954,31/12/1954,USA,unemp,5,monthly,USD
01/01/1955,31/01/1955,USA,unemp,4.9,monthly,USD
01/02/1955,28/02/1955,USA,unemp,4.7,monthly,USD
01/03/1955,31/03/1955,USA,unemp,4.6,monthly,USD
01/04/1955,30/04/1955,USA,unemp,4.7,monthly,USD
01/05/1955,31/05/1955,USA,unemp,4.3,monthly,USD
01/06/1955,30/06/1955,USA,unemp,4.2,monthly,USD
01/07/1955,31/07/1955,USA,unemp,4,monthly,USD
01/08/1955,31/08/1955,USA,unemp,4.2,monthly,USD
01/09/1955,30/09/1955,USA,unemp,4.1,monthly,USD
01/10/1955,31/10/1955,USA,unemp,4.3,monthly,USD
01/11/1955,30/11/1955,USA,unemp,4.2,monthly,USD
01/12/1955,31/12/1955,USA,unemp,4.2,monthly,USD
01/01/1956,31/01/1956,USA,unemp,4,monthly,USD
01/02/1956,28/02/1956,USA,unemp,3.9,monthly,USD
01/03/1956,31/03/1956,USA,unemp,4.2,monthly,USD
01/04/1956,30/04/1956,USA,unemp,4,monthly,USD
01/05/1956,31/05/1956,USA,unemp,4.3,monthly,USD
01/06/1956,30/06/1956,USA,unemp,4.3,monthly,USD
01/07/1956,31/07/1956,USA,unemp,4.4,monthly,USD
01/08/1956,31/08/1956,USA,unemp,4.1,monthly,USD
01/09/1956,30/09/1956,USA,unemp,3.9,monthly,USD
01/10/1956,31/10/1956,USA,unemp,3.9,monthly,USD
01/11/1956,30/11/1956,USA,unemp,4.3,monthly,USD
01/12/1956,31/12/1956,USA,unemp,4.2,monthly,USD
01/01/1957,31/01/1957,USA,unemp,4.2,monthly,USD
01/02/1957,28/02/1957,USA,unemp,3.9,monthly,USD
01/03/1957,31/03/1957,USA,unemp,3.7,monthly,USD
01/04/1957,30/04/1957,USA,unemp,3.9,monthly,USD
01/05/1957,31/05/1957,USA,unemp,4.1,monthly,USD
01/06/1957,30/06/1957,USA,unemp,4.3,monthly,USD
01/07/1957,31/07/1957,USA,unemp,4.2,monthly,USD
01/08/1957,31/08/1957,USA,unemp,4.1,monthly,USD
01/09/1957,30/09/1957,USA,unemp,4.4,monthly,USD
01/10/1957,31/10/1957,USA,unemp,4.5,monthly,USD
01/11/1957,30/11/1957,USA,unemp,5.1,monthly,USD
01/12/1957,31/12/1957,USA,unemp,5.2,monthly,USD
01/01/1958,31/01/1958,USA,unemp,5.8,monthly,USD
01/02/1958,28/02/1958,USA,unemp,6.4,monthly,USD
01/03/1958,31/03/1958,USA,unemp,6.7,monthly,USD
01/04/1958,30/04/1958,USA,unemp,7.4,monthly,USD
01/05/1958,31/05/1958,USA,unemp,7.4,monthly,USD
01/06/1958,30/06/1958,USA,unemp,7.3,monthly,USD
01/07/1958,31/07/1958,USA,unemp,7.5,monthly,USD
01/08/1958,31/08/1958,USA,unemp,7.4,monthly,USD
01/09/1958,30/09/1958,USA,unemp,7.1,monthly,USD
01/10/1958,31/10/1958,USA,unemp,6.7,monthly,USD
01/11/1958,30/11/1958,USA,unemp,6.2,monthly,USD
01/12/1958,31/12/1958,USA,unemp,6.2,monthly,USD
01/01/1959,31/01/1959,USA,unemp,6,monthly,USD
01/02/1959,28/02/1959,USA,unemp,5.9,monthly,USD
01/03/1959,31/03/1959,USA,unemp,5.6,monthly,USD
01/04/1959,30/04/1959,USA,unemp,5.2,monthly,USD
01/05/1959,31/05/1959,USA,unemp,5.1,monthly,USD
01/06/1959,30/06/1959,USA,unemp,5,monthly,USD
01/07/1959,31/07/1959,USA,unemp,5.1,monthly,USD
01/08/1959,31/08/1959,USA,unemp,5.2,monthly,USD
01/09/1959,30/09/1959,USA,unemp,5.5,monthly,USD
01/10/1959,31/10/1959,USA,unemp,5.7,monthly,USD
01/11/1959,30/11/1959,USA,unemp,5.8,monthly,USD
01/12/1959,31/12/1959,USA,unemp,5.3,monthly,USD
01/01/1960,31/01/1960,USA,unemp,5.2,monthly,USD
01/02/1960,28/02/1960,USA,unemp,4.8,monthly,USD
01/03/1960,31/03/1960,USA,unemp,5.4,monthly,USD
01/04/1960,30/04/1960,USA,unemp,5.2,monthly,USD
01/05/1960,31/05/1960,USA,unemp,5.1,monthly,USD
01/06/1960,30/06/1960,USA,unemp,5.4,monthly,USD
01/07/1960,31/07/1960,USA,unemp,5.5,monthly,USD
01/08/1960,31/08/1960,USA,unemp,5.6,monthly,USD
01/09/1960,30/09/1960,USA,unemp,5.5,monthly,USD
01/10/1960,31/10/1960,USA,unemp,6.1,monthly,USD
01/11/1960,30/11/1960,USA,unemp,6.1,monthly,USD
01/12/1960,31/12/1960,USA,unemp,6.6,monthly,USD
01/01/1961,31/01/1961,USA,unemp,6.6,monthly,USD
01/02/1961,28/02/1961,USA,unemp,6.9,monthly,USD
01/03/1961,31/03/1961,USA,unemp,6.9,monthly,USD
01/04/1961,30/04/1961,USA,unemp,7,monthly,USD
01/05/1961,31/05/1961,USA,unemp,7.1,monthly,USD
01/06/1961,30/06/1961,USA,unemp,6.9,monthly,USD
01/07/1961,31/07/1961,USA,unemp,7,monthly,USD
01/08/1961,31/08/1961,USA,unemp,6.6,monthly,USD
01/09/1961,30/09/1961,USA,unemp,6.7,monthly,USD
01/10/1961,31/10/1961,USA,unemp,6.5,monthly,USD
01/11/1961,30/11/1961,USA,unemp,6.1,monthly,USD
01/12/1961,31/12/1961,USA,unemp,6,monthly,USD
01/01/1962,31/01/1962,USA,unemp,5.8,monthly,USD
01/02/1962,28/02/1962,USA,unemp,5.5,monthly,USD
01/03/1962,31/03/1962,USA,unemp,5.6,monthly,USD
01/04/1962,30/04/1962,USA,unemp,5.6,monthly,USD
01/05/1962,31/05/1962,USA,unemp,5.5,monthly,USD
01/06/1962,30/06/1962,USA,unemp,5.5,monthly,USD
01/07/1962,31/07/1962,USA,unemp,5.4,monthly,USD
01/08/1962,31/08/1962,USA,unemp,5.7,monthly,USD
01/09/1962,30/09/1962,USA,unemp,5.6,monthly,USD
01/10/1962,31/10/1962,USA,unemp,5.4,monthly,USD
01/11/1962,30/11/1962,USA,unemp,5.7,monthly,USD
01/12/1962,31/12/1962,USA,unemp,5.5,monthly,USD
01/01/1963,31/01/1963,USA,unemp,5.7,monthly,USD
01/02/1963,28/02/1963,USA,unemp,5.9,monthly,USD
01/03/1963,31/03/1963,USA,unemp,5.7,monthly,USD
01/04/1963,30/04/1963,USA,unemp,5.7,monthly,USD
01/05/1963,31/05/1963,USA,unemp,5.9,monthly,USD
01/06/1963,30/06/1963,USA,unemp,5.6,monthly,USD
01/07/1963,31/07/1963,USA,unemp,5.6,monthly,USD
01/08/1963,31/08/1963,USA,unemp,5.4,monthly,USD
01/09/1963,30/09/1963,USA,unemp,5.5,monthly,USD
01/10/1963,31/10/1963,USA,unemp,5.5,monthly,USD
01/11/1963,30/11/1963,USA,unemp,5.7,monthly,USD
01/12/1963,31/12/1963,USA,unemp,5.5,monthly,USD
01/01/1964,31/01/1964,USA,unemp,5.6,monthly,USD
01/02/1964,28/02/1964,USA,unemp,5.4,monthly,USD
01/03/1964,31/03/1964,USA,unemp,5.4,monthly,USD
01/04/1964,30/04/1964,USA,unemp,5.3,monthly,USD
01/05/1964,31/05/1964,USA,unemp,5.1,monthly,USD
01/06/1964,30/06/1964,USA,unemp,5.2,monthly,USD
01/07/1964,31/07/1964,USA,unemp,4.9,monthly,USD
01/08/1964,31/08/1964,USA,unemp,5,monthly,USD
01/09/1964,30/09/1964,USA,unemp,5.1,monthly,USD
01/10/1964,31/10/1964,USA,unemp,5.1,monthly,USD
01/11/1964,30/11/1964,USA,unemp,4.8,monthly,USD
01/12/1964,31/12/1964,USA,unemp,5,monthly,USD
01/01/1965,31/01/1965,USA,unemp,4.9,monthly,USD
01/02/1965,28/02/1965,USA,unemp,5.1,monthly,USD
01/03/1965,31/03/1965,USA,unemp,4.7,monthly,USD
01/04/1965,30/04/1965,USA,unemp,4.8,monthly,USD
01/05/1965,31/05/1965,USA,unemp,4.6,monthly,USD
01/06/1965,30/06/1965,USA,unemp,4.6,monthly,USD
01/07/1965,31/07/1965,USA,unemp,4.4,monthly,USD
01/08/1965,31/08/1965,USA,unemp,4.4,monthly,USD
01/09/1965,30/09/1965,USA,unemp,4.3,monthly,USD
01/10/1965,31/10/1965,USA,unemp,4.2,monthly,USD
01/11/1965,30/11/1965,USA,unemp,4.1,monthly,USD
01/12/1965,31/12/1965,USA,unemp,4,monthly,USD
01/01/1966,31/01/1966,USA,unemp,4,monthly,USD
01/02/1966,28/02/1966,USA,unemp,3.8,monthly,USD
01/03/1966,31/03/1966,USA,unemp,3.8,monthly,USD
01/04/1966,30/04/1966,USA,unemp,3.8,monthly,USD
01/05/1966,31/05/1966,USA,unemp,3.9,monthly,USD
01/06/1966,30/06/1966,USA,unemp,3.8,monthly,USD
01/07/1966,31/07/1966,USA,unemp,3.8,monthly,USD
01/08/1966,31/08/1966,USA,unemp,3.8,monthly,USD
01/09/1966,30/09/1966,USA,unemp,3.7,monthly,USD
01/10/1966,31/10/1966,USA,unemp,3.7,monthly,USD
01/11/1966,30/11/1966,USA,unemp,3.6,monthly,USD
01/12/1966,31/12/1966,USA,unemp,3.8,monthly,USD
01/01/1967,31/01/1967,USA,unemp,3.9,monthly,USD
01/02/1967,28/02/1967,USA,unemp,3.8,monthly,USD
01/03/1967,31/03/1967,USA,unemp,3.8,monthly,USD
01/04/1967,30/04/1967,USA,unemp,3.8,monthly,USD
01/05/1967,31/05/1967,USA,unemp,3.8,monthly,USD
01/06/1967,30/06/1967,USA,unemp,3.9,monthly,USD
01/07/1967,31/07/1967,USA,unemp,3.8,monthly,USD
01/08/1967,31/08/1967,USA,unemp,3.8,monthly,USD
01/09/1967,30/09/1967,USA,unemp,3.8,monthly,USD
01/10/1967,31/10/1967,USA,unemp,4,monthly,USD
01/11/1967,30/11/1967,USA,unemp,3.9,monthly,USD
01/12/1967,31/12/1967,USA,unemp,3.8,monthly,USD
01/01/1968,31/01/1968,USA,unemp,3.7,monthly,USD
01/02/1968,28/02/1968,USA,unemp,3.8,monthly,USD
01/03/1968,31/03/1968,USA,unemp,3.7,monthly,USD
01/04/1968,30/04/1968,USA,unemp,3.5,monthly,USD
01/05/1968,31/05/1968,USA,unemp,3.5,monthly,USD
01/06/1968,30/06/1968,USA,unemp,3.7,monthly,USD
01/07/1968,31/07/1968,USA,unemp,3.7,monthly,USD
01/08/1968,31/08/1968,USA,unemp,3.5,monthly,USD
01/09/1968,30/09/1968,USA,unemp,3.4,monthly,USD
01/10/1968,31/10/1968,USA,unemp,3.4,monthly,USD
01/11/1968,30/11/1968,USA,unemp,3.4,monthly,USD
01/12/1968,31/12/1968,USA,unemp,3.4,monthly,USD
01/01/1969,31/01/1969,USA,unemp,3.4,monthly,USD
01/02/1969,28/02/1969,USA,unemp,3.4,monthly,USD
01/03/1969,31/03/1969,USA,unemp,3.4,monthly,USD
01/04/1969,30/04/1969,USA,unemp,3.4,monthly,USD
01/05/1969,31/05/1969,USA,unemp,3.4,monthly,USD
01/06/1969,30/06/1969,USA,unemp,3.5,monthly,USD
01/07/1969,31/07/1969,USA,unemp,3.5,monthly,USD
01/08/1969,31/08/1969,USA,unemp,3.5,monthly,USD
01/09/1969,30/09/1969,USA,unemp,3.7,monthly,USD
01/10/1969,31/10/1969,USA,unemp,3.7,monthly,USD
01/11/1969,30/11/1969,USA,unemp,3.5,monthly,USD
01/12/1969,31/12/1969,USA,unemp,3.5,monthly,USD
01/01/1970,31/01/1970,USA,unemp,3.9,monthly,USD
01/02/1970,28/02/1970,USA,unemp,4.2,monthly,USD
01/03/1970,31/03/1970,USA,unemp,4.4,monthly,USD
01/04/1970,30/04/1970,USA,unemp,4.6,monthly,USD
01/05/1970,31/05/1970,USA,unemp,4.8,monthly,USD
01/06/1970,30/06/1970,USA,unemp,4.9,monthly,USD
01/07/1970,31/07/1970,USA,unemp,5,monthly,USD
01/08/1970,31/08/1970,USA,unemp,5.1,monthly,USD
01/09/1970,30/09/1970,USA,unemp,5.4,monthly,USD
01/10/1970,31/10/1970,USA,unemp,5.5,monthly,USD
01/11/1970,30/11/1970,USA,unemp,5.9,monthly,USD
01/12/1970,31/12/1970,USA,unemp,6.1,monthly,USD
01/01/1971,31/01/1971,USA,unemp,5.9,monthly,USD
01/02/1971,28/02/1971,USA,unemp,5.9,monthly,USD
01/03/1971,31/03/1971,USA,unemp,6,monthly,USD
01/04/1971,30/04/1971,USA,unemp,5.9,monthly,USD
01/05/1971,31/05/1971,USA,unemp,5.9,monthly,USD
01/06/1971,30/06/1971,USA,unemp,5.9,monthly,USD
01/07/1971,31/07/1971,USA,unemp,6,monthly,USD
01/08/1971,31/08/1971,USA,unemp,6.1,monthly,USD
01/09/1971,30/09/1971,USA,unemp,6,monthly,USD
01/10/1971,31/10/1971,USA,unemp,5.8,monthly,USD
01/11/1971,30/11/1971,USA,unemp,6,monthly,USD
01/12/1971,31/12/1971,USA,unemp,6,monthly,USD
01/01/1972,31/01/1972,USA,unemp,5.8,monthly,USD
01/02/1972,28/02/1972,USA,unemp,5.7,monthly,USD
01/03/1972,31/03/1972,USA,unemp,5.8,monthly,USD
01/04/1972,30/04/1972,USA,unemp,5.7,monthly,USD
01/05/1972,31/05/1972,USA,unemp,5.7,monthly,USD
01/06/1972,30/06/1972,USA,unemp,5.7,monthly,USD
01/07/1972,31/07/1972,USA,unemp,5.6,monthly,USD
01/08/1972,31/08/1972,USA,unemp,5.6,monthly,USD
01/09/1972,30/09/1972,USA,unemp,5.5,monthly,USD
01/10/1972,31/10/1972,USA,unemp,5.6,monthly,USD
01/11/1972,30/11/1972,USA,unemp,5.3,monthly,USD
01/12/1972,31/12/1972,USA,unemp,5.2,monthly,USD
01/01/1973,31/01/1973,USA,unemp,4.9,monthly,USD
01/02/1973,28/02/1973,USA,unemp,5,monthly,USD
01/03/1973,31/03/1973,USA,unemp,4.9,monthly,USD
01/04/1973,30/04/1973,USA,unemp,5,monthly,USD
01/05/1973,31/05/1973,USA,unemp,4.9,monthly,USD
01/06/1973,30/06/1973,USA,unemp,4.9,monthly,USD
01/07/1973,31/07/1973,USA,unemp,4.8,monthly,USD
01/08/1973,31/08/1973,USA,unemp,4.8,monthly,USD
01/09/1973,30/09/1973,USA,unemp,4.8,monthly,USD
01/10/1973,31/10/1973,USA,unemp,4.6,monthly,USD
01/11/1973,30/11/1973,USA,unemp,4.8,monthly,USD
01/12/1973,31/12/1973,USA,unemp,4.9,monthly,USD
01/01/1974,31/01/1974,USA,unemp,5.1,monthly,USD
01/02/1974,28/02/1974,USA,unemp,5.2,monthly,USD
01/03/1974,31/03/1974,USA,unemp,5.1,monthly,USD
01/04/1974,30/04/1974,USA,unemp,5.1,monthly,USD
01/05/1974,31/05/1974,USA,unemp,5.1,monthly,USD
01/06/1974,30/06/1974,USA,unemp,5.4,monthly,USD
01/07/1974,31/07/1974,USA,unemp,5.5,monthly,USD
01/08/1974,31/08/1974,USA,unemp,5.5,monthly,USD
01/09/1974,30/09/1974,USA,unemp,5.9,monthly,USD
01/10/1974,31/10/1974,USA,unemp,6,monthly,USD
01/11/1974,30/11/1974,USA,unemp,6.6,monthly,USD
01/12/1974,31/12/1974,USA,unemp,7.2,monthly,USD
01/01/1975,31/01/1975,USA,unemp,8.1,monthly,USD
01/02/1975,28/02/1975,USA,unemp,8.1,monthly,USD
01/03/1975,31/03/1975,USA,unemp,8.6,monthly,USD
01/04/1975,30/04/1975,USA,unemp,8.8,monthly,USD
01/05/1975,31/05/1975,USA,unemp,9,monthly,USD
01/06/1975,30/06/1975,USA,unemp,8.8,monthly,USD
01/07/1975,31/07/1975,USA,unemp,8.6,monthly,USD
01/08/1975,31/08/1975,USA,unemp,8.4,monthly,USD
01/09/1975,30/09/1975,USA,unemp,8.4,monthly,USD
01/10/1975,31/10/1975,USA,unemp,8.4,monthly,USD
01/11/1975,30/11/1975,USA,unemp,8.3,monthly,USD
01/12/1975,31/12/1975,USA,unemp,8.2,monthly,USD
01/01/1976,31/01/1976,USA,unemp,7.9,monthly,USD
01/02/1976,28/02/1976,USA,unemp,7.7,monthly,USD
01/03/1976,31/03/1976,USA,unemp,7.6,monthly,USD
01/04/1976,30/04/1976,USA,unemp,7.7,monthly,USD
01/05/1976,31/05/1976,USA,unemp,7.4,monthly,USD
01/06/1976,30/06/1976,USA,unemp,7.6,monthly,USD
01/07/1976,31/07/1976,USA,unemp,7.8,monthly,USD
01/08/1976,31/08/1976,USA,unemp,7.8,monthly,USD
01/09/1976,30/09/1976,USA,unemp,7.6,monthly,USD
01/10/1976,31/10/1976,USA,unemp,7.7,monthly,USD
01/11/1976,30/11/1976,USA,unemp,7.8,monthly,USD
01/12/1976,31/12/1976,USA,unemp,7.8,monthly,USD
01/01/1977,31/01/1977,USA,unemp,7.5,monthly,USD
01/02/1977,28/02/1977,USA,unemp,7.6,monthly,USD
01/03/1977,31/03/1977,USA,unemp,7.4,monthly,USD
01/04/1977,30/04/1977,USA,unemp,7.2,monthly,USD
01/05/1977,31/05/1977,USA,unemp,7,monthly,USD
01/06/1977,30/06/1977,USA,unemp,7.2,monthly,USD
01/07/1977,31/07/1977,USA,unemp,6.9,monthly,USD
01/08/1977,31/08/1977,USA,unemp,7,monthly,USD
01/09/1977,30/09/1977,USA,unemp,6.8,monthly,USD
01/10/1977,31/10/1977,USA,unemp,6.8,monthly,USD
01/11/1977,30/11/1977,USA,unemp,6.8,monthly,USD
01/12/1977,31/12/1977,USA,unemp,6.4,monthly,USD
01/01/1978,31/01/1978,USA,unemp,6.4,monthly,USD
01/02/1978,28/02/1978,USA,unemp,6.3,monthly,USD
01/03/1978,31/03/1978,USA,unemp,6.3,monthly,USD
01/04/1978,30/04/1978,USA,unemp,6.1,monthly,USD
01/05/1978,31/05/1978,USA,unemp,6,monthly,USD
01/06/1978,30/06/1978,USA,unemp,5.9,monthly,USD
01/07/1978,31/07/1978,USA,unemp,6.2,monthly,USD
01/08/1978,31/08/1978,USA,unemp,5.9,monthly,USD
01/09/1978,30/09/1978,USA,unemp,6,monthly,USD
01/10/1978,31/10/1978,USA,unemp,5.8,monthly,USD
01/11/1978,30/11/1978,USA,unemp,5.9,monthly,USD
01/12/1978,31/12/1978,USA,unemp,6,monthly,USD
01/01/1979,31/01/1979,USA,unemp,5.9,monthly,USD
01/02/1979,28/02/1979,USA,unemp,5.9,monthly,USD
01/03/1979,31/03/1979,USA,unemp,5.8,monthly,USD
01/04/1979,30/04/1979,USA,unemp,5.8,monthly,USD
01/05/1979,31/05/1979,USA,unemp,5.6,monthly,USD
01/06/1979,30/06/1979,USA,unemp,5.7,monthly,USD
01/07/1979,31/07/1979,USA,unemp,5.7,monthly,USD
01/08/1979,31/08/1979,USA,unemp,6,monthly,USD
01/09/1979,30/09/1979,USA,unemp,5.9,monthly,USD
01/10/1979,31/10/1979,USA,unemp,6,monthly,USD
01/11/1979,30/11/1979,USA,unemp,5.9,monthly,USD
01/12/1979,31/12/1979,USA,unemp,6,monthly,USD
01/01/1980,31/01/1980,USA,unemp,6.3,monthly,USD
01/02/1980,28/02/1980,USA,unemp,6.3,monthly,USD
01/03/1980,31/03/1980,USA,unemp,6.3,monthly,USD
01/04/1980,30/04/1980,USA,unemp,6.9,monthly,USD
01/05/1980,31/05/1980,USA,unemp,7.5,monthly,USD
01/06/1980,30/06/1980,USA,unemp,7.6,monthly,USD
01/07/1980,31/07/1980,USA,unemp,7.8,monthly,USD
01/08/1980,31/08/1980,USA,unemp,7.7,monthly,USD
01/09/1980,30/09/1980,USA,unemp,7.5,monthly,USD
01/10/1980,31/10/1980,USA,unemp,7.5,monthly,USD
01/11/1980,30/11/1980,USA,unemp,7.5,monthly,USD
01/12/1980,31/12/1980,USA,unemp,7.2,monthly,USD
01/01/1981,31/01/1981,USA,unemp,7.5,monthly,USD
01/02/1981,28/02/1981,USA,unemp,7.4,monthly,USD
01/03/1981,31/03/1981,USA,unemp,7.4,monthly,USD
01/04/1981,30/04/1981,USA,unemp,7.2,monthly,USD
01/05/1981,31/05/1981,USA,unemp,7.5,monthly,USD
01/06/1981,30/06/1981,USA,unemp,7.5,monthly,USD
01/07/1981,31/07/1981,USA,unemp,7.2,monthly,USD
01/08/1981,31/08/1981,USA,unemp,7.4,monthly,USD
01/09/1981,30/09/1981,USA,unemp,7.6,monthly,USD
01/10/1981,31/10/1981,USA,unemp,7.9,monthly,USD
01/11/1981,30/11/1981,USA,unemp,8.3,monthly,USD
01/12/1981,31/12/1981,USA,unemp,8.5,monthly,USD
01/01/1982,31/01/1982,USA,unemp,8.6,monthly,USD
01/02/1982,28/02/1982,USA,unemp,8.9,monthly,USD
01/03/1982,31/03/1982,USA,unemp,9,monthly,USD
01/04/1982,30/04/1982,USA,unemp,9.3,monthly,USD
01/05/1982,31/05/1982,USA,unemp,9.4,monthly,USD
01/06/1982,30/06/1982,USA,unemp,9.6,monthly,USD
01/07/1982,31/07/1982,USA,unemp,9.8,monthly,USD
01/08/1982,31/08/1982,USA,unemp,9.8,monthly,USD
01/09/1982,30/09/1982,USA,unemp,10.1,monthly,USD
01/10/1982,31/10/1982,USA,unemp,10.4,monthly,USD
01/11/1982,30/11/1982,USA,unemp,10.8,monthly,USD
01/12/1982,31/12/1982,USA,unemp,10.8,monthly,USD
01/01/1983,31/01/1983,USA,unemp,10.4,monthly,USD
01/02/1983,28/02/1983,USA,unemp,10.4,monthly,USD
01/03/1983,31/03/1983,USA,unemp,10.3,monthly,USD
01/04/1983,30/04/1983,USA,unemp,10.2,monthly,USD
01/05/1983,31/05/1983,USA,unemp,10.1,monthly,USD
01/06/1983,30/06/1983,USA,unemp,10.1,monthly,USD
01/07/1983,31/07/1983,USA,unemp,9.4,monthly,USD
01/08/1983,31/08/1983,USA,unemp,9.5,monthly,USD
01/09/1983,30/09/1983,USA,unemp,9.2,monthly,USD
01/10/1983,31/10/1983,USA,unemp,8.8,monthly,USD
01/11/1983,30/11/1983,USA,unemp,8.5,monthly,USD
01/12/1983,31/12/1983,USA,unemp,8.3,monthly,USD
01/01/1984,31/01/1984,USA,unemp,8,monthly,USD
01/02/1984,28/02/1984,USA,unemp,7.8,monthly,USD
01/03/1984,31/03/1984,USA,unemp,7.8,monthly,USD
01/04/1984,30/04/1984,USA,unemp,7.7,monthly,USD
01/05/1984,31/05/1984,USA,unemp,7.4,monthly,USD
01/06/1984,30/06/1984,USA,unemp,7.2,monthly,USD
01/07/1984,31/07/1984,USA,unemp,7.5,monthly,USD
01/08/1984,31/08/1984,USA,unemp,7.5,monthly,USD
01/09/1984,30/09/1984,USA,unemp,7.3,monthly,USD
01/10/1984,31/10/1984,USA,unemp,7.4,monthly,USD
01/11/1984,30/11/1984,USA,unemp,7.2,monthly,USD
01/12/1984,31/12/1984,USA,unemp,7.3,monthly,USD
01/01/1985,31/01/1985,USA,unemp,7.3,monthly,USD
01/02/1985,28/02/1985,USA,unemp,7.2,monthly,USD
01/03/1985,31/03/1985,USA,unemp,7.2,monthly,USD
01/04/1985,30/04/1985,USA,unemp,7.3,monthly,USD
01/05/1985,31/05/1985,USA,unemp,7.2,monthly,USD
01/06/1985,30/06/1985,USA,unemp,7.4,monthly,USD
01/07/1985,31/07/1985,USA,unemp,7.4,monthly,USD
01/08/1985,31/08/1985,USA,unemp,7.1,monthly,USD
01/09/1985,30/09/1985,USA,unemp,7.1,monthly,USD
01/10/1985,31/10/1985,USA,unemp,7.1,monthly,USD
01/11/1985,30/11/1985,USA,unemp,7,monthly,USD
01/12/1985,31/12/1985,USA,unemp,7,monthly,USD
01/01/1986,31/01/1986,USA,unemp,6.7,monthly,USD
01/02/1986,28/02/1986,USA,unemp,7.2,monthly,USD
01/03/1986,31/03/1986,USA,unemp,7.2,monthly,USD
01/04/1986,30/04/1986,USA,unemp,7.1,monthly,USD
01/05/1986,31/05/1986,USA,unemp,7.2,monthly,USD
01/06/1986,30/06/1986,USA,unemp,7.2,monthly,USD
01/07/1986,31/07/1986,USA,unemp,7,monthly,USD
01/08/1986,31/08/1986,USA,unemp,6.9,monthly,USD
01/09/1986,30/09/1986,USA,unemp,7,monthly,USD
01/10/1986,31/10/1986,USA,unemp,7,monthly,USD
01/11/1986,30/11/1986,USA,unemp,6.9,monthly,USD
01/12/1986,31/12/1986,USA,unemp,6.6,monthly,USD
01/01/1987,31/01/1987,USA,unemp,6.6,monthly,USD
01/02/1987,28/02/1987,USA,unemp,6.6,monthly,USD
01/03/1987,31/03/1987,USA,unemp,6.6,monthly,USD
01/04/1987,30/04/1987,USA,unemp,6.3,monthly,USD
01/05/1987,31/05/1987,USA,unemp,6.3,monthly,USD
01/06/1987,30/06/1987,USA,unemp,6.2,monthly,USD
01/07/1987,31/07/1987,USA,unemp,6.1,monthly,USD
01/08/1987,31/08/1987,USA,unemp,6,monthly,USD
01/09/1987,30/09/1987,USA,unemp,5.9,monthly,USD
01/10/1987,31/10/1987,USA,unemp,6,monthly,USD
01/11/1987,30/11/1987,USA,unemp,5.8,monthly,USD
01/12/1987,31/12/1987,USA,unemp,5.7,monthly,USD
01/01/1988,31/01/1988,USA,unemp,5.7,monthly,USD
01/02/1988,28/02/1988,USA,unemp,5.7,monthly,USD
01/03/1988,31/03/1988,USA,unemp,5.7,monthly,USD
01/04/1988,30/04/1988,USA,unemp,5.4,monthly,USD
01/05/1988,31/05/1988,USA,unemp,5.6,monthly,USD
01/06/1988,30/06/1988,USA,unemp,5.4,monthly,USD
01/07/1988,31/07/1988,USA,unemp,5.4,monthly,USD
01/08/1988,31/08/1988,USA,unemp,5.6,monthly,USD
01/09/1988,30/09/1988,USA,unemp,5.4,monthly,USD
01/10/1988,31/10/1988,USA,unemp,5.4,monthly,USD
01/11/1988,30/11/1988,USA,unemp,5.3,monthly,USD
01/12/1988,31/12/1988,USA,unemp,5.3,monthly,USD
01/01/1989,31/01/1989,USA,unemp,5.4,monthly,USD
01/02/1989,28/02/1989,USA,unemp,5.2,monthly,USD
01/03/1989,31/03/1989,USA,unemp,5,monthly,USD
01/04/1989,30/04/1989,USA,unemp,5.2,monthly,USD
01/05/1989,31/05/1989,USA,unemp,5.2,monthly,USD
01/06/1989,30/06/1989,USA,unemp,5.3,monthly,USD
01/07/1989,31/07/1989,USA,unemp,5.2,monthly,USD
01/08/1989,31/08/1989,USA,unemp,5.2,monthly,USD
01/09/1989,30/09/1989,USA,unemp,5.3,monthly,USD
01/10/1989,31/10/1989,USA,unemp,5.3,monthly,USD
01/11/1989,30/11/1989,USA,unemp,5.4,monthly,USD
01/12/1989,31/12/1989,USA,unemp,5.4,monthly,USD
01/01/1990,31/01/1990,USA,unemp,5.4,monthly,USD
01/02/1990,28/02/1990,USA,unemp,5.3,monthly,USD
01/03/1990,31/03/1990,USA,unemp,5.2,monthly,USD
01/04/1990,30/04/1990,USA,unemp,5.4,monthly,USD
01/05/1990,31/05/1990,USA,unemp,5.4,monthly,USD
01/06/1990,30/06/1990,USA,unemp,5.2,monthly,USD
01/07/1990,31/07/1990,USA,unemp,5.5,monthly,USD
01/08/1990,31/08/1990,USA,unemp,5.7,monthly,USD
01/09/1990,30/09/1990,USA,unemp,5.9,monthly,USD
01/10/1990,31/10/1990,USA,unemp,5.9,monthly,USD
01/11/1990,30/11/1990,USA,unemp,6.2,monthly,USD
01/12/1990,31/12/1990,USA,unemp,6.3,monthly,USD
01/01/1991,31/01/1991,USA,unemp,6.4,monthly,USD
01/02/1991,28/02/1991,USA,unemp,6.6,monthly,USD
01/03/1991,31/03/1991,USA,unemp,6.8,monthly,USD
01/04/1991,30/04/1991,USA,unemp,6.7,monthly,USD
01/05/1991,31/05/1991,USA,unemp,6.9,monthly,USD
01/06/1991,30/06/1991,USA,unemp,6.9,monthly,USD
01/07/1991,31/07/1991,USA,unemp,6.8,monthly,USD
01/08/1991,31/08/1991,USA,unemp,6.9,monthly,USD
01/09/1991,30/09/1991,USA,unemp,6.9,monthly,USD
01/10/1991,31/10/1991,USA,unemp,7,monthly,USD
01/11/1991,30/11/1991,USA,unemp,7,monthly,USD
01/12/1991,31/12/1991,USA,unemp,7.3,monthly,USD
01/01/1992,31/01/1992,USA,unemp,7.3,monthly,USD
01/02/1992,28/02/1992,USA,unemp,7.4,monthly,USD
01/03/1992,31/03/1992,USA,unemp,7.4,monthly,USD
01/04/1992,30/04/1992,USA,unemp,7.4,monthly,USD
01/05/1992,31/05/1992,USA,unemp,7.6,monthly,USD
01/06/1992,30/06/1992,USA,unemp,7.8,monthly,USD
01/07/1992,31/07/1992,USA,unemp,7.7,monthly,USD
01/08/1992,31/08/1992,USA,unemp,7.6,monthly,USD
01/09/1992,30/09/1992,USA,unemp,7.6,monthly,USD
01/10/1992,31/10/1992,USA,unemp,7.3,monthly,USD
01/11/1992,30/11/1992,USA,unemp,7.4,monthly,USD
01/12/1992,31/12/1992,USA,unemp,7.4,monthly,USD
01/01/1993,31/01/1993,USA,unemp,7.3,monthly,USD
01/02/1993,28/02/1993,USA,unemp,7.1,monthly,USD
01/03/1993,31/03/1993,USA,unemp,7,monthly,USD
01/04/1993,30/04/1993,USA,unemp,7.1,monthly,USD
01/05/1993,31/05/1993,USA,unemp,7.1,monthly,USD
01/06/1993,30/06/1993,USA,unemp,7,monthly,USD
01/07/1993,31/07/1993,USA,unemp,6.9,monthly,USD
01/08/1993,31/08/1993,USA,unemp,6.8,monthly,USD
01/09/1993,30/09/1993,USA,unemp,6.7,monthly,USD
01/10/1993,31/10/1993,USA,unemp,6.8,monthly,USD
01/11/1993,30/11/1993,USA,unemp,6.6,monthly,USD
01/12/1993,31/12/1993,USA,unemp,6.5,monthly,USD
01/01/1994,31/01/1994,USA,unemp,6.6,monthly,USD
01/02/1994,28/02/1994,USA,unemp,6.6,monthly,USD
01/03/1994,31/03/1994,USA,unemp,6.5,monthly,USD
01/04/1994,30/04/1994,USA,unemp,6.4,monthly,USD
01/05/1994,31/05/1994,USA,unemp,6.1,monthly,USD
01/06/1994,30/06/1994,USA,unemp,6.1,monthly,USD
01/07/1994,31/07/1994,USA,unemp,6.1,monthly,USD
01/08/1994,31/08/1994,USA,unemp,6,monthly,USD
01/09/1994,30/09/1994,USA,unemp,5.9,monthly,USD
01/10/1994,31/10/1994,USA,unemp,5.8,monthly,USD
01/11/1994,30/11/1994,USA,unemp,5.6,monthly,USD
01/12/1994,31/12/1994,USA,unemp,5.5,monthly,USD
01/01/1995,31/01/1995,USA,unemp,5.6,monthly,USD
01/02/1995,28/02/1995,USA,unemp,5.4,monthly,USD
01/03/1995,31/03/1995,USA,unemp,5.4,monthly,USD
01/04/1995,30/04/1995,USA,unemp,5.8,monthly,USD
01/05/1995,31/05/1995,USA,unemp,5.6,monthly,USD
01/06/1995,30/06/1995,USA,unemp,5.6,monthly,USD
01/07/1995,31/07/1995,USA,unemp,5.7,monthly,USD
01/08/1995,31/08/1995,USA,unemp,5.7,monthly,USD
01/09/1995,30/09/1995,USA,unemp,5.6,monthly,USD
01/10/1995,31/10/1995,USA,unemp,5.5,monthly,USD
01/11/1995,30/11/1995,USA,unemp,5.6,monthly,USD
01/12/1995,31/12/1995,USA,unemp,5.6,monthly,USD
01/01/1996,31/01/1996,USA,unemp,5.6,monthly,USD
01/02/1996,28/02/1996,USA,unemp,5.5,monthly,USD
01/03/1996,31/03/1996,USA,unemp,5.5,monthly,USD
01/04/1996,30/04/1996,USA,unemp,5.6,monthly,USD
01/05/1996,31/05/1996,USA,unemp,5.6,monthly,USD
01/06/1996,30/06/1996,USA,unemp,5.3,monthly,USD
01/07/1996,31/07/1996,USA,unemp,5.5,monthly,USD
01/08/1996,31/08/1996,USA,unemp,5.1,monthly,USD
01/09/1996,30/09/1996,USA,unemp,5.2,monthly,USD
01/10/1996,31/10/1996,USA,unemp,5.2,monthly,USD
01/11/1996,30/11/1996,USA,unemp,5.4,monthly,USD
01/12/1996,31/12/1996,USA,unemp,5.4,monthly,USD
01/01/1997,31/01/1997,USA,unemp,5.3,monthly,USD
01/02/1997,28/02/1997,USA,unemp,5.2,monthly,USD
01/03/1997,31/03/1997,USA,unemp,5.2,monthly,USD
01/04/1997,30/04/1997,USA,unemp,5.1,monthly,USD
01/05/1997,31/05/1997,USA,unemp,4.9,monthly,USD
01/06/1997,30/06/1997,USA,unemp,5,monthly,USD
01/07/1997,31/07/1997,USA,unemp,4.9,monthly,USD
01/08/1997,31/08/1997,USA,unemp,4.8,monthly,USD
01/09/1997,30/09/1997,USA,unemp,4.9,monthly,USD
01/10/1997,31/10/1997,USA,unemp,4.7,monthly,USD
01/11/1997,30/11/1997,USA,unemp,4.6,monthly,USD
01/12/1997,31/12/1997,USA,unemp,4.7,monthly,USD
01/01/1998,31/01/1998,USA,unemp,4.6,monthly,USD
01/02/1998,28/02/1998,USA,unemp,4.6,monthly,USD
01/03/1998,31/03/1998,USA,unemp,4.7,monthly,USD
01/04/1998,30/04/1998,USA,unemp,4.3,monthly,USD
01/05/1998,31/05/1998,USA,unemp,4.4,monthly,USD
01/06/1998,30/06/1998,USA,unemp,4.5,monthly,USD
01/07/1998,31/07/1998,USA,unemp,4.5,monthly,USD
01/08/1998,31/08/1998,USA,unemp,4.5,monthly,USD
01/09/1998,30/09/1998,USA,unemp,4.6,monthly,USD
01/10/1998,31/10/1998,USA,unemp,4.5,monthly,USD
01/11/1998,30/11/1998,USA,unemp,4.4,monthly,USD
01/12/1998,31/12/1998,USA,unemp,4.4,monthly,USD
01/01/1999,31/01/1999,USA,unemp,4.3,monthly,USD
01/02/1999,28/02/1999,USA,unemp,4.4,monthly,USD
01/03/1999,31/03/1999,USA,unemp,4.2,monthly,USD
01/04/1999,30/04/1999,USA,unemp,4.3,monthly,USD
01/05/1999,31/05/1999,USA,unemp,4.2,monthly,USD
01/06/1999,30/06/1999,USA,unemp,4.3,monthly,USD
01/07/1999,31/07/1999,USA,unemp,4.3,monthly,USD
01/08/1999,31/08/1999,USA,unemp,4.2,monthly,USD
01/09/1999,30/09/1999,USA,unemp,4.2,monthly,USD
01/10/1999,31/10/1999,USA,unemp,4.1,monthly,USD
01/11/1999,30/11/1999,USA,unemp,4.1,monthly,USD
01/12/1999,31/12/1999,USA,unemp,4,monthly,USD
01/01/2000,31/01/2000,USA,unemp,4,monthly,USD
01/02/2000,28/02/2000,USA,unemp,4.1,monthly,USD
01/03/2000,31/03/2000,USA,unemp,4,monthly,USD
01/04/2000,30/04/2000,USA,unemp,3.8,monthly,USD
01/05/2000,31/05/2000,USA,unemp,4,monthly,USD
01/06/2000,30/06/2000,USA,unemp,4,monthly,USD
01/07/2000,31/07/2000,USA,unemp,4,monthly,USD
01/08/2000,31/08/2000,USA,unemp,4.1,monthly,USD
01/09/2000,30/09/2000,USA,unemp,3.9,monthly,USD
01/10/2000,31/10/2000,USA,unemp,3.9,monthly,USD
01/11/2000,30/11/2000,USA,unemp,3.9,monthly,USD
01/12/2000,31/12/2000,USA,unemp,3.9,monthly,USD
01/01/2001,31/01/2001,USA,unemp,4.2,monthly,USD
01/02/2001,28/02/2001,USA,unemp,4.2,monthly,USD
01/03/2001,31/03/2001,USA,unemp,4.3,monthly,USD
01/04/2001,30/04/2001,USA,unemp,4.4,monthly,USD
01/05/2001,31/05/2001,USA,unemp,4.3,monthly,USD
01/06/2001,30/06/2001,USA,unemp,4.5,monthly,USD
01/07/2001,31/07/2001,USA,unemp,4.6,monthly,USD
01/08/2001,31/08/2001,USA,unemp,4.9,monthly,USD
01/09/2001,30/09/2001,USA,unemp,5,monthly,USD
01/10/2001,31/10/2001,USA,unemp,5.3,monthly,USD
01/11/2001,30/11/2001,USA,unemp,5.5,monthly,USD
01/12/2001,31/12/2001,USA,unemp,5.7,monthly,USD
01/01/2002,31/01/2002,USA,unemp,5.7,monthly,USD
01/02/2002,28/02/2002,USA,unemp,5.7,monthly,USD
01/03/2002,31/03/2002,USA,unemp,5.7,monthly,USD
01/04/2002,30/04/2002,USA,unemp,5.9,monthly,USD
01/05/2002,31/05/2002,USA,unemp,5.8,monthly,USD
01/06/2002,30/06/2002,USA,unemp,5.8,monthly,USD
01/07/2002,31/07/2002,USA,unemp,5.8,monthly,USD
01/08/2002,31/08/2002,USA,unemp,5.7,monthly,USD
01/09/2002,30/09/2002,USA,unemp,5.7,monthly,USD
01/10/2002,31/10/2002,USA,unemp,5.7,monthly,USD
01/11/2002,30/11/2002,USA,unemp,5.9,monthly,USD
01/12/2002,31/12/2002,USA,unemp,6,monthly,USD
01/01/2003,31/01/2003,USA,unemp,5.8,monthly,USD
01/02/2003,28/02/2003,USA,unemp,5.9,monthly,USD
01/03/2003,31/03/2003,USA,unemp,5.9,monthly,USD
01/04/2003,30/04/2003,USA,unemp,6,monthly,USD
01/05/2003,31/05/2003,USA,unemp,6.1,monthly,USD
01/06/2003,30/06/2003,USA,unemp,6.3,monthly,USD
01/07/2003,31/07/2003,USA,unemp,6.2,monthly,USD
01/08/2003,31/08/2003,USA,unemp,6.1,monthly,USD
01/09/2003,30/09/2003,USA,unemp,6.1,monthly,USD
01/10/2003,31/10/2003,USA,unemp,6,monthly,USD
01/11/2003,30/11/2003,USA,unemp,5.8,monthly,USD
01/12/2003,31/12/2003,USA,unemp,5.7,monthly,USD
01/01/2004,31/01/2004,USA,unemp,5.7,monthly,USD
01/02/2004,28/02/2004,USA,unemp,5.6,monthly,USD
01/03/2004,31/03/2004,USA,unemp,5.8,monthly,USD
01/04/2004,30/04/2004,USA,unemp,5.6,monthly,USD
01/05/2004,31/05/2004,USA,unemp,5.6,monthly,USD
01/06/2004,30/06/2004,USA,unemp,5.6,monthly,USD
01/07/2004,31/07/2004,USA,unemp,5.5,monthly,USD
01/08/2004,31/08/2004,USA,unemp,5.4,monthly,USD
01/09/2004,30/09/2004,USA,unemp,5.4,monthly,USD
01/10/2004,31/10/2004,USA,unemp,5.5,monthly,USD
01/11/2004,30/11/2004,USA,unemp,5.4,monthly,USD
01/12/2004,31/12/2004,USA,unemp,5.4,monthly,USD
01/01/2005,31/01/2005,USA,unemp,5.3,monthly,USD
01/02/2005,28/02/2005,USA,unemp,5.4,monthly,USD
01/03/2005,31/03/2005,USA,unemp,5.2,monthly,USD
01/04/2005,30/04/2005,USA,unemp,5.2,monthly,USD
01/05/2005,31/05/2005,USA,unemp,5.1,monthly,USD
01/06/2005,30/06/2005,USA,unemp,5,monthly,USD
01/07/2005,31/07/2005,USA,unemp,5,monthly,USD
01/08/2005,31/08/2005,USA,unemp,4.9,monthly,USD
01/09/2005,30/09/2005,USA,unemp,5,monthly,USD
01/10/2005,31/10/2005,USA,unemp,5,monthly,USD
01/11/2005,30/11/2005,USA,unemp,5,monthly,USD
01/12/2005,31/12/2005,USA,unemp,4.9,monthly,USD
01/01/2006,31/01/2006,USA,unemp,4.7,monthly,USD
01/02/2006,28/02/2006,USA,unemp,4.8,monthly,USD
01/03/2006,31/03/2006,USA,unemp,4.7,monthly,USD
01/04/2006,30/04/2006,USA,unemp,4.7,monthly,USD
01/05/2006,31/05/2006,USA,unemp,4.6,monthly,USD
01/06/2006,30/06/2006,USA,unemp,4.6,monthly,USD
01/07/2006,31/07/2006,USA,unemp,4.7,monthly,USD
01/08/2006,31/08/2006,USA,unemp,4.7,monthly,USD
01/09/2006,30/09/2006,USA,unemp,4.5,monthly,USD
01/10/2006,31/10/2006,USA,unemp,4.4,monthly,USD
01/11/2006,30/11/2006,USA,unemp,4.5,monthly,USD
01/12/2006,31/12/2006,USA,unemp,4.4,monthly,USD
01/01/2007,31/01/2007,USA,unemp,4.6,monthly,USD
01/02/2007,28/02/2007,USA,unemp,4.5,monthly,USD
01/03/2007,31/03/2007,USA,unemp,4.4,monthly,USD
01/04/2007,30/04/2007,USA,unemp,4.5,monthly,USD
01/05/2007,31/05/2007,USA,unemp,4.4,monthly,USD
01/06/2007,30/06/2007,USA,unemp,4.6,monthly,USD
01/07/2007,31/07/2007,USA,unemp,4.7,monthly,USD
01/08/2007,31/08/2007,USA,unemp,4.6,monthly,USD
01/09/2007,30/09/2007,USA,unemp,4.7,monthly,USD
01/10/2007,31/10/2007,USA,unemp,4.7,monthly,USD
01/11/2007,30/11/2007,USA,unemp,4.7,monthly,USD
01/12/2007,31/12/2007,USA,unemp,5,monthly,USD
01/01/2008,31/01/2008,USA,unemp,5,monthly,USD
01/02/2008,28/02/2008,USA,unemp,4.9,monthly,USD
01/03/2008,31/03/2008,USA,unemp,5.1,monthly,USD
01/04/2008,30/04/2008,USA,unemp,5,monthly,USD
01/05/2008,31/05/2008,USA,unemp,5.4,monthly,USD
01/06/2008,30/06/2008,USA,unemp,5.6,monthly,USD
01/07/2008,31/07/2008,USA,unemp,5.8,monthly,USD
01/08/2008,31/08/2008,USA,unemp,6.1,monthly,USD
01/09/2008,30/09/2008,USA,unemp,6.1,monthly,USD
01/10/2008,31/10/2008,USA,unemp,6.5,monthly,USD
01/11/2008,30/11/2008,USA,unemp,6.8,monthly,USD
01/12/2008,31/12/2008,USA,unemp,7.3,monthly,USD
01/01/2009,31/01/2009,USA,unemp,7.8,monthly,USD
01/02/2009,28/02/2009,USA,unemp,8.3,monthly,USD
01/03/2009,31/03/2009,USA,unemp,8.7,monthly,USD
01/04/2009,30/04/2009,USA,unemp,9,monthly,USD
01/05/2009,31/05/2009,USA,unemp,9.4,monthly,USD
01/06/2009,30/06/2009,USA,unemp,9.5,monthly,USD
01/07/2009,31/07/2009,USA,unemp,9.5,monthly,USD
01/08/2009,31/08/2009,USA,unemp,9.6,monthly,USD
01/09/2009,30/09/2009,USA,unemp,9.8,monthly,USD
01/10/2009,31/10/2009,USA,unemp,10,monthly,USD
01/11/2009,30/11/2009,USA,unemp,9.9,monthly,USD
01/12/2009,31/12/2009,USA,unemp,9.9,monthly,USD
01/01/2010,31/01/2010,USA,unemp,9.8,monthly,USD
01/02/2010,28/02/2010,USA,unemp,9.8,monthly,USD
01/03/2010,31/03/2010,USA,unemp,9.9,monthly,USD
01/04/2010,30/04/2010,USA,unemp,9.9,monthly,USD
01/05/2010,31/05/2010,USA,unemp,9.6,monthly,USD
01/06/2010,30/06/2010,USA,unemp,9.4,monthly,USD
01/07/2010,31/07/2010,USA,unemp,9.4,monthly,USD
01/08/2010,31/08/2010,USA,unemp,9.5,monthly,USD
01/09/2010,30/09/2010,USA,unemp,9.5,monthly,USD
01/10/2010,31/10/2010,USA,unemp,9.4,monthly,USD
01/11/2010,30/11/2010,USA,unemp,9.8,monthly,USD
01/12/2010,31/12/2010,USA,unemp,9.3,monthly,USD
01/01/2011,31/01/2011,USA,unemp,9.1,monthly,USD
01/02/2011,28/02/2011,USA,unemp,9,monthly,USD
01/03/2011,31/03/2011,USA,unemp,9,monthly,USD
01/04/2011,30/04/2011,USA,unemp,9.1,monthly,USD
01/05/2011,31/05/2011,USA,unemp,9,monthly,USD
01/06/2011,30/06/2011,USA,unemp,9.1,monthly,USD
01/07/2011,31/07/2011,USA,unemp,9,monthly,USD
01/08/2011,31/08/2011,USA,unemp,9,monthly,USD
01/09/2011,30/09/2011,USA,unemp,9,monthly,USD
01/10/2011,31/10/2011,USA,unemp,8.8,monthly,USD
01/11/2011,30/11/2011,USA,unemp,8.6,monthly,USD
01/12/2011,31/12/2011,USA,unemp,8.5,monthly,USD
01/01/2012,31/01/2012,USA,unemp,8.3,monthly,USD
01/02/2012,28/02/2012,USA,unemp,8.3,monthly,USD
01/03/2012,31/03/2012,USA,unemp,8.2,monthly,USD
01/04/2012,30/04/2012,USA,unemp,8.2,monthly,USD
01/05/2012,31/05/2012,USA,unemp,8.2,monthly,USD
01/06/2012,30/06/2012,USA,unemp,8.2,monthly,USD
01/07/2012,31/07/2012,USA,unemp,8.2,monthly,USD
01/08/2012,31/08/2012,USA,unemp,8.1,monthly,USD
01/09/2012,30/09/2012,USA,unemp,7.8,monthly,USD
01/10/2012,31/10/2012,USA,unemp,7.8,monthly,USD
01/11/2012,30/11/2012,USA,unemp,7.7,monthly,USD
01/12/2012,31/12/2012,USA,unemp,7.9,monthly,USD
01/01/2013,31/01/2013,USA,unemp,8,monthly,USD
01/02/2013,28/02/2013,USA,unemp,7.7,monthly,USD
01/03/2013,31/03/2013,USA,unemp,7.5,monthly,USD
01/04/2013,30/04/2013,USA,unemp,7.6,monthly,USD
01/05/2013,31/05/2013,USA,unemp,7.5,monthly,USD
01/06/2013,30/06/2013,USA,unemp,7.5,monthly,USD
01/07/2013,31/07/2013,USA,unemp,7.3,monthly,USD
01/08/2013,31/08/2013,USA,unemp,7.2,monthly,USD
01/09/2013,30/09/2013,USA,unemp,7.2,monthly,USD
01/10/2013,31/10/2013,USA,unemp,7.2,monthly,USD
01/11/2013,30/11/2013,USA,unemp,6.9,monthly,USD
01/12/2013,31/12/2013,USA,unemp,6.7,monthly,USD
01/01/2014,31/01/2014,USA,unemp,6.6,monthly,USD
01/02/2014,28/02/2014,USA,unemp,6.7,monthly,USD
01/03/2014,31/03/2014,USA,unemp,6.7,monthly,USD
01/04/2014,30/04/2014,USA,unemp,6.2,monthly,USD
01/05/2014,31/05/2014,USA,unemp,6.3,monthly,USD
01/06/2014,30/06/2014,USA,unemp,6.1,monthly,USD
01/07/2014,31/07/2014,USA,unemp,6.2,monthly,USD
01/08/2014,31/08/2014,USA,unemp,6.1,monthly,USD
01/09/2014,30/09/2014,USA,unemp,5.9,monthly,USD
01/10/2014,31/10/2014,USA,unemp,5.7,monthly,USD
01/11/2014,30/11/2014,USA,unemp,5.8,monthly,USD
01/12/2014,31/12/2014,USA,unemp,5.6,monthly,USD
01/01/2015,31/01/2015,USA,unemp,5.7,monthly,USD
01/02/2015,28/02/2015,USA,unemp,5.5,monthly,USD
01/03/2015,31/03/2015,USA,unemp,5.4,monthly,USD
01/04/2015,30/04/2015,USA,unemp,5.4,monthly,USD
01/05/2015,31/05/2015,USA,unemp,5.6,monthly,USD
01/06/2015,30/06/2015,USA,unemp,5.3,monthly,USD
01/07/2015,31/07/2015,USA,unemp,5.2,monthly,USD
01/08/2015,31/08/2015,USA,unemp,5.1,monthly,USD
01/09/2015,30/09/2015,USA,unemp,5,monthly,USD
01/10/2015,31/10/2015,USA,unemp,5,monthly,USD
01/11/2015,30/11/2015,USA,unemp,5.1,monthly,USD
01/12/2015,31/12/2015,USA,unemp,5,monthly,USD
01/01/2016,31/01/2016,USA,unemp,4.9,monthly,USD
01/02/2016,28/02/2016,USA,unemp,4.9,monthly,USD
01/03/2016,31/03/2016,USA,unemp,5,monthly,USD
01/04/2016,30/04/2016,USA,unemp,5,monthly,USD
01/05/2016,31/05/2016,USA,unemp,4.8,monthly,USD
01/06/2016,30/06/2016,USA,unemp,4.9,monthly,USD
01/07/2016,31/07/2016,USA,unemp,4.8,monthly,USD
01/08/2016,31/08/2016,USA,unemp,4.9,monthly,USD
01/09/2016,30/09/2016,USA,unemp,5,monthly,USD
01/10/2016,31/10/2016,USA,unemp,4.9,monthly,USD
01/11/2016,30/11/2016,USA,unemp,4.7,monthly,USD
01/12/2016,31/12/2016,USA,unemp,4.7,monthly,USD
01/01/2017,31/01/2017,USA,unemp,4.7,monthly,USD
01/02/2017,28/02/2017,USA,unemp,4.6,monthly,USD
01/03/2017,31/03/2017,USA,unemp,4.4,monthly,USD
01/04/2017,30/04/2017,USA,unemp,4.4,monthly,USD
01/05/2017,31/05/2017,USA,unemp,4.4,monthly,USD
01/06/2017,30/06/2017,USA,unemp,4.3,monthly,USD
01/07/2017,31/07/2017,USA,unemp,4.3,monthly,USD
01/08/2017,31/08/2017,USA,unemp,4.4,monthly,USD
01/09/2017,30/09/2017,USA,unemp,4.2,monthly,USD
01/10/2017,31/10/2017,USA,unemp,4.1,monthly,USD
01/11/2017,30/11/2017,USA,unemp,4.2,monthly,USD
01/12/2017,31/12/2017,USA,unemp,4.1,monthly,USD
01/01/2018,31/01/2018,USA,unemp,4.1,monthly,USD
01/02/2018,28/02/2018,USA,unemp,4.1,monthly,USD
01/03/2018,31/03/2018,USA,unemp,4,monthly,USD
01/04/2018,30/04/2018,USA,unemp,4,monthly,USD
01/05/2018,31/05/2018,USA,unemp,3.8,monthly,USD
01/06/2018,30/06/2018,USA,unemp,4,monthly,USD
01/07/2018,31/07/2018,USA,unemp,3.8,monthly,USD
01/08/2018,31/08/2018,USA,unemp,3.8,monthly,USD
01/09/2018,30/09/2018,USA,unemp,3.7,monthly,USD
01/10/2018,31/10/2018,USA,unemp,3.8,monthly,USD
01/11/2018,30/11/2018,USA,unemp,3.7,monthly,USD
01/12/2018,31/12/2018,USA,unemp,3.9,monthly,USD
01/01/2019,31/01/2019,USA,unemp,4,monthly,USD
01/02/2019,28/02/2019,USA,unemp,3.8,monthly,USD
01/03/2019,31/03/2019,USA,unemp,3.8,monthly,USD
01/04/2019,30/04/2019,USA,unemp,3.6,monthly,USD
01/05/2019,31/05/2019,USA,unemp,3.6,monthly,USD
01/06/2019,30/06/2019,USA,unemp,3.7,monthly,USD
01/07/2019,31/07/2019,USA,unemp,3.7,monthly,USD
01/08/2019,31/08/2019,USA,unemp,3.7,monthly,USD
01/09/2019,30/09/2019,USA,unemp,3.5,monthly,USD
01/10/2019,31/10/2019,USA,unemp,3.6,monthly,USD
01/11/2019,30/11/2019,USA,unemp,3.5,monthly,USD
01/12/2019,31/12/2019,USA,unemp,3.5,monthly,USD
01/01/2020,31/01/2020,USA,unemp,3.6,monthly,USD
01/02/2020,28/02/2020,USA,unemp,3.5,monthly,USD
01/03/2020,31/03/2020,USA,unemp,4.4,monthly,USD
01/04/2020,30/04/2020,USA,unemp,14.7,monthly,USD
